,FramesPath,FacesPath
0,/content/gdrive/MyDrive/DatasetAnalysis/data/A_Star_Is_Born_(2018)_001.jpg,/content/facesSavedHere/A_Star_Is_Born_(2018)_001_0.png
1,/content/gdrive/MyDrive/DatasetAnalysis/data/A_Star_Is_Born_(2018)_001.jpg,/content/facesSavedHere/A_Star_Is_Born_(2018)_001_1.png
2,/content/gdrive/MyDrive/DatasetAnalysis/data/A_Star_Is_Born_(2018)_006.jpg,/content/facesSavedHere/A_Star_Is_Born_(2018)_006_0.png
3,/content/gdrive/MyDrive/DatasetAnalysis/data/A_Star_Is_Born_(2018)_008.jpg,/content/facesSavedHere/A_Star_Is_Born_(2018)_008_0.png
4,/content/gdrive/MyDrive/DatasetAnalysis/data/A_Star_Is_Born_(2018)_010.jpg,/content/facesSavedHere/A_Star_Is_Born_(2018)_010_0.png
5,/content/gdrive/MyDrive/DatasetAnalysis/data/A_Star_Is_Born_(2018)_012.jpg,/content/facesSavedHere/A_Star_Is_Born_(2018)_012_0.png
6,/content/gdrive/MyDrive/DatasetAnalysis/data/A_Star_Is_Born_(2018)_014.jpg,/content/facesSavedHere/A_Star_Is_Born_(2018)_014_0.png
7,/content/gdrive/MyDrive/DatasetAnalysis/data/A_Star_Is_Born_(2018)_016.jpg,/content/facesSavedHere/A_Star_Is_Born_(2018)_016_0.png
8,/content/gdrive/MyDrive/DatasetAnalysis/data/A_Star_Is_Born_(2018)_018.jpg,/content/facesSavedHere/A_Star_Is_Born_(2018)_018_0.png
9,/content/gdrive/MyDrive/DatasetAnalysis/data/A_Star_Is_Born_(2018)_018.jpg,/content/facesSavedHere/A_Star_Is_Born_(2018)_018_1.png
10,/content/gdrive/MyDrive/DatasetAnalysis/data/A_Star_Is_Born_(2018)_018.jpg,/content/facesSavedHere/A_Star_Is_Born_(2018)_018_2.png
11,/content/gdrive/MyDrive/DatasetAnalysis/data/A_Star_Is_Born_(2018)_018.jpg,/content/facesSavedHere/A_Star_Is_Born_(2018)_018_3.png
12,/content/gdrive/MyDrive/DatasetAnalysis/data/A_Star_Is_Born_(2018)_018.jpg,/content/facesSavedHere/A_Star_Is_Born_(2018)_018_4.png
13,/content/gdrive/MyDrive/DatasetAnalysis/data/A_Star_Is_Born_(2018)_020.jpg,/content/facesSavedHere/A_Star_Is_Born_(2018)_020_0.png
14,/content/gdrive/MyDrive/DatasetAnalysis/data/A_Star_Is_Born_(2018)_020.jpg,/content/facesSavedHere/A_Star_Is_Born_(2018)_020_1.png
15,/content/gdrive/MyDrive/DatasetAnalysis/data/A_Star_Is_Born_(2018)_020.jpg,/content/facesSavedHere/A_Star_Is_Born_(2018)_020_2.png
16,/content/gdrive/MyDrive/DatasetAnalysis/data/A_Star_Is_Born_(2018)_020.jpg,/content/facesSavedHere/A_Star_Is_Born_(2018)_020_3.png
17,/content/gdrive/MyDrive/DatasetAnalysis/data/A_Star_Is_Born_(2018)_020.jpg,/content/facesSavedHere/A_Star_Is_Born_(2018)_020_4.png
18,/content/gdrive/MyDrive/DatasetAnalysis/data/A_Star_Is_Born_(2018)_022.jpg,/content/facesSavedHere/A_Star_Is_Born_(2018)_022_0.png
19,/content/gdrive/MyDrive/DatasetAnalysis/data/A_Star_Is_Born_(2018)_029.jpg,/content/facesSavedHere/A_Star_Is_Born_(2018)_029_0.png
20,/content/gdrive/MyDrive/DatasetAnalysis/data/A_Star_Is_Born_(2018)_031.jpg,/content/facesSavedHere/A_Star_Is_Born_(2018)_031_0.png
21,/content/gdrive/MyDrive/DatasetAnalysis/data/A_Star_Is_Born_(2018)_032.jpg,/content/facesSavedHere/A_Star_Is_Born_(2018)_032_0.png
22,/content/gdrive/MyDrive/DatasetAnalysis/data/A_Star_Is_Born_(2018)_034.jpg,/content/facesSavedHere/A_Star_Is_Born_(2018)_034_0.png
23,/content/gdrive/MyDrive/DatasetAnalysis/data/A_Star_Is_Born_(2018)_035.jpg,/content/facesSavedHere/A_Star_Is_Born_(2018)_035_0.png
24,/content/gdrive/MyDrive/DatasetAnalysis/data/A_Star_Is_Born_(2018)_036.jpg,/content/facesSavedHere/A_Star_Is_Born_(2018)_036_0.png
25,/content/gdrive/MyDrive/DatasetAnalysis/data/A_Star_Is_Born_(2018)_036.jpg,/content/facesSavedHere/A_Star_Is_Born_(2018)_036_1.png
26,/content/gdrive/MyDrive/DatasetAnalysis/data/A_Star_Is_Born_(2018)_037.jpg,/content/facesSavedHere/A_Star_Is_Born_(2018)_037_0.png
27,/content/gdrive/MyDrive/DatasetAnalysis/data/A_Star_Is_Born_(2018)_038.jpg,/content/facesSavedHere/A_Star_Is_Born_(2018)_038_0.png
28,/content/gdrive/MyDrive/DatasetAnalysis/data/A_Star_Is_Born_(2018)_042.jpg,/content/facesSavedHere/A_Star_Is_Born_(2018)_042_0.png
29,/content/gdrive/MyDrive/DatasetAnalysis/data/A_Star_Is_Born_(2018)_051.jpg,/content/facesSavedHere/A_Star_Is_Born_(2018)_051_0.png
30,/content/gdrive/MyDrive/DatasetAnalysis/data/A_Star_Is_Born_(2018)_053.jpg,/content/facesSavedHere/A_Star_Is_Born_(2018)_053_0.png
31,/content/gdrive/MyDrive/DatasetAnalysis/data/A_Star_Is_Born_(2018)_054.jpg,/content/facesSavedHere/A_Star_Is_Born_(2018)_054_0.png
32,/content/gdrive/MyDrive/DatasetAnalysis/data/A_Star_Is_Born_(2018)_055.jpg,/content/facesSavedHere/A_Star_Is_Born_(2018)_055_0.png
33,/content/gdrive/MyDrive/DatasetAnalysis/data/A_Star_Is_Born_(2018)_063.jpg,/content/facesSavedHere/A_Star_Is_Born_(2018)_063_0.png
34,/content/gdrive/MyDrive/DatasetAnalysis/data/A_Star_Is_Born_(2018)_064.jpg,/content/facesSavedHere/A_Star_Is_Born_(2018)_064_0.png
35,/content/gdrive/MyDrive/DatasetAnalysis/data/A_Star_Is_Born_(2018)_065.jpg,/content/facesSavedHere/A_Star_Is_Born_(2018)_065_0.png
36,/content/gdrive/MyDrive/DatasetAnalysis/data/ai002.jpg,/content/facesSavedHere/ai002_0.png
37,/content/gdrive/MyDrive/DatasetAnalysis/data/ai002.jpg,/content/facesSavedHere/ai002_1.png
38,/content/gdrive/MyDrive/DatasetAnalysis/data/ai002.jpg,/content/facesSavedHere/ai002_2.png
39,/content/gdrive/MyDrive/DatasetAnalysis/data/ai002.jpg,/content/facesSavedHere/ai002_3.png
40,/content/gdrive/MyDrive/DatasetAnalysis/data/ai003.jpg,/content/facesSavedHere/ai003_0.png
41,/content/gdrive/MyDrive/DatasetAnalysis/data/ai003.jpg,/content/facesSavedHere/ai003_1.png
42,/content/gdrive/MyDrive/DatasetAnalysis/data/ai006.jpg,/content/facesSavedHere/ai006_0.png
43,/content/gdrive/MyDrive/DatasetAnalysis/data/ai007.jpg,/content/facesSavedHere/ai007_0.png
44,/content/gdrive/MyDrive/DatasetAnalysis/data/ai007.jpg,/content/facesSavedHere/ai007_1.png
45,/content/gdrive/MyDrive/DatasetAnalysis/data/ai007.jpg,/content/facesSavedHere/ai007_2.png
46,/content/gdrive/MyDrive/DatasetAnalysis/data/ai007.jpg,/content/facesSavedHere/ai007_3.png
47,/content/gdrive/MyDrive/DatasetAnalysis/data/ai007.jpg,/content/facesSavedHere/ai007_4.png
48,/content/gdrive/MyDrive/DatasetAnalysis/data/ai009.jpg,/content/facesSavedHere/ai009_0.png
49,/content/gdrive/MyDrive/DatasetAnalysis/data/ai011.jpg,/content/facesSavedHere/ai011_0.png
50,/content/gdrive/MyDrive/DatasetAnalysis/data/ai014.jpg,/content/facesSavedHere/ai014_0.png
51,/content/gdrive/MyDrive/DatasetAnalysis/data/ai017.jpg,/content/facesSavedHere/ai017_0.png
52,/content/gdrive/MyDrive/DatasetAnalysis/data/ai019.jpg,/content/facesSavedHere/ai019_0.png
53,/content/gdrive/MyDrive/DatasetAnalysis/data/ai020.jpg,/content/facesSavedHere/ai020_0.png
54,/content/gdrive/MyDrive/DatasetAnalysis/data/ai028.jpg,/content/facesSavedHere/ai028_0.png
55,/content/gdrive/MyDrive/DatasetAnalysis/data/ai029.jpg,/content/facesSavedHere/ai029_0.png
56,/content/gdrive/MyDrive/DatasetAnalysis/data/ai030.jpg,/content/facesSavedHere/ai030_0.png
57,/content/gdrive/MyDrive/DatasetAnalysis/data/ai031.jpg,/content/facesSavedHere/ai031_0.png
58,/content/gdrive/MyDrive/DatasetAnalysis/data/ai036.jpg,/content/facesSavedHere/ai036_0.png
59,/content/gdrive/MyDrive/DatasetAnalysis/data/ai037.jpg,/content/facesSavedHere/ai037_0.png
60,/content/gdrive/MyDrive/DatasetAnalysis/data/ai037.jpg,/content/facesSavedHere/ai037_1.png
61,/content/gdrive/MyDrive/DatasetAnalysis/data/ai040.jpg,/content/facesSavedHere/ai040_0.png
62,/content/gdrive/MyDrive/DatasetAnalysis/data/ai040.jpg,/content/facesSavedHere/ai040_1.png
63,/content/gdrive/MyDrive/DatasetAnalysis/data/ai040.jpg,/content/facesSavedHere/ai040_2.png
64,/content/gdrive/MyDrive/DatasetAnalysis/data/ai040.jpg,/content/facesSavedHere/ai040_3.png
65,/content/gdrive/MyDrive/DatasetAnalysis/data/ai040.jpg,/content/facesSavedHere/ai040_4.png
66,/content/gdrive/MyDrive/DatasetAnalysis/data/ai041.jpg,/content/facesSavedHere/ai041_0.png
67,/content/gdrive/MyDrive/DatasetAnalysis/data/ai043.jpg,/content/facesSavedHere/ai043_0.png
68,/content/gdrive/MyDrive/DatasetAnalysis/data/ai046.jpg,/content/facesSavedHere/ai046_0.png
69,/content/gdrive/MyDrive/DatasetAnalysis/data/ai051.jpg,/content/facesSavedHere/ai051_0.png
70,/content/gdrive/MyDrive/DatasetAnalysis/data/ai056.jpg,/content/facesSavedHere/ai056_0.png
71,/content/gdrive/MyDrive/DatasetAnalysis/data/ai057.jpg,/content/facesSavedHere/ai057_0.png
72,/content/gdrive/MyDrive/DatasetAnalysis/data/ai061.jpg,/content/facesSavedHere/ai061_0.png
73,/content/gdrive/MyDrive/DatasetAnalysis/data/ai062.jpg,/content/facesSavedHere/ai062_0.png
74,/content/gdrive/MyDrive/DatasetAnalysis/data/ai064.jpg,/content/facesSavedHere/ai064_0.png
75,/content/gdrive/MyDrive/DatasetAnalysis/data/ai065.jpg,/content/facesSavedHere/ai065_0.png
76,/content/gdrive/MyDrive/DatasetAnalysis/data/babydriver002.jpg,/content/facesSavedHere/babydriver002_0.png
77,/content/gdrive/MyDrive/DatasetAnalysis/data/babydriver011.jpg,/content/facesSavedHere/babydriver011_0.png
78,/content/gdrive/MyDrive/DatasetAnalysis/data/babydriver011.jpg,/content/facesSavedHere/babydriver011_1.png
79,/content/gdrive/MyDrive/DatasetAnalysis/data/babydriver013.jpg,/content/facesSavedHere/babydriver013_0.png
80,/content/gdrive/MyDrive/DatasetAnalysis/data/babydriver014.jpg,/content/facesSavedHere/babydriver014_0.png
81,/content/gdrive/MyDrive/DatasetAnalysis/data/babydriver015.jpg,/content/facesSavedHere/babydriver015_0.png
82,/content/gdrive/MyDrive/DatasetAnalysis/data/babydriver016.jpg,/content/facesSavedHere/babydriver016_0.png
83,/content/gdrive/MyDrive/DatasetAnalysis/data/babydriver018.jpg,/content/facesSavedHere/babydriver018_0.png
84,/content/gdrive/MyDrive/DatasetAnalysis/data/babydriver020.jpg,/content/facesSavedHere/babydriver020_0.png
85,/content/gdrive/MyDrive/DatasetAnalysis/data/babydriver020.jpg,/content/facesSavedHere/babydriver020_1.png
86,/content/gdrive/MyDrive/DatasetAnalysis/data/babydriver020.jpg,/content/facesSavedHere/babydriver020_2.png
87,/content/gdrive/MyDrive/DatasetAnalysis/data/babydriver020.jpg,/content/facesSavedHere/babydriver020_3.png
88,/content/gdrive/MyDrive/DatasetAnalysis/data/babydriver021.jpg,/content/facesSavedHere/babydriver021_0.png
89,/content/gdrive/MyDrive/DatasetAnalysis/data/babydriver022.jpg,/content/facesSavedHere/babydriver022_0.png
90,/content/gdrive/MyDrive/DatasetAnalysis/data/babydriver024.jpg,/content/facesSavedHere/babydriver024_0.png
91,/content/gdrive/MyDrive/DatasetAnalysis/data/babydriver024.jpg,/content/facesSavedHere/babydriver024_1.png
92,/content/gdrive/MyDrive/DatasetAnalysis/data/babydriver026.jpg,/content/facesSavedHere/babydriver026_0.png
93,/content/gdrive/MyDrive/DatasetAnalysis/data/babydriver028.jpg,/content/facesSavedHere/babydriver028_0.png
94,/content/gdrive/MyDrive/DatasetAnalysis/data/babydriver030.jpg,/content/facesSavedHere/babydriver030_0.png
95,/content/gdrive/MyDrive/DatasetAnalysis/data/babydriver031.jpg,/content/facesSavedHere/babydriver031_0.png
96,/content/gdrive/MyDrive/DatasetAnalysis/data/babydriver032.jpg,/content/facesSavedHere/babydriver032_0.png
97,/content/gdrive/MyDrive/DatasetAnalysis/data/babydriver035.jpg,/content/facesSavedHere/babydriver035_0.png
98,/content/gdrive/MyDrive/DatasetAnalysis/data/babydriver035.jpg,/content/facesSavedHere/babydriver035_1.png
99,/content/gdrive/MyDrive/DatasetAnalysis/data/babydriver035.jpg,/content/facesSavedHere/babydriver035_2.png
100,/content/gdrive/MyDrive/DatasetAnalysis/data/babydriver036.jpg,/content/facesSavedHere/babydriver036_0.png
101,/content/gdrive/MyDrive/DatasetAnalysis/data/babydriver036.jpg,/content/facesSavedHere/babydriver036_1.png
102,/content/gdrive/MyDrive/DatasetAnalysis/data/babydriver038.jpg,/content/facesSavedHere/babydriver038_0.png
103,/content/gdrive/MyDrive/DatasetAnalysis/data/babydriver039.jpg,/content/facesSavedHere/babydriver039_0.png
104,/content/gdrive/MyDrive/DatasetAnalysis/data/babydriver041.jpg,/content/facesSavedHere/babydriver041_0.png
105,/content/gdrive/MyDrive/DatasetAnalysis/data/babydriver043.jpg,/content/facesSavedHere/babydriver043_0.png
106,/content/gdrive/MyDrive/DatasetAnalysis/data/babydriver044.jpg,/content/facesSavedHere/babydriver044_0.png
107,/content/gdrive/MyDrive/DatasetAnalysis/data/babydriver045.jpg,/content/facesSavedHere/babydriver045_0.png
108,/content/gdrive/MyDrive/DatasetAnalysis/data/babydriver046.jpg,/content/facesSavedHere/babydriver046_0.png
109,/content/gdrive/MyDrive/DatasetAnalysis/data/babydriver047.jpg,/content/facesSavedHere/babydriver047_0.png
110,/content/gdrive/MyDrive/DatasetAnalysis/data/babydriver049.jpg,/content/facesSavedHere/babydriver049_0.png
111,/content/gdrive/MyDrive/DatasetAnalysis/data/babydriver050.jpg,/content/facesSavedHere/babydriver050_0.png
112,/content/gdrive/MyDrive/DatasetAnalysis/data/babydriver050.jpg,/content/facesSavedHere/babydriver050_1.png
113,/content/gdrive/MyDrive/DatasetAnalysis/data/babydriver052.jpg,/content/facesSavedHere/babydriver052_0.png
114,/content/gdrive/MyDrive/DatasetAnalysis/data/babydriver053.jpg,/content/facesSavedHere/babydriver053_0.png
115,/content/gdrive/MyDrive/DatasetAnalysis/data/babydriver055.jpg,/content/facesSavedHere/babydriver055_0.png
116,/content/gdrive/MyDrive/DatasetAnalysis/data/babydriver055.jpg,/content/facesSavedHere/babydriver055_1.png
117,/content/gdrive/MyDrive/DatasetAnalysis/data/babydriver059.jpg,/content/facesSavedHere/babydriver059_0.png
118,/content/gdrive/MyDrive/DatasetAnalysis/data/babydriver060.jpg,/content/facesSavedHere/babydriver060_0.png
119,/content/gdrive/MyDrive/DatasetAnalysis/data/babydriver060.jpg,/content/facesSavedHere/babydriver060_1.png
120,/content/gdrive/MyDrive/DatasetAnalysis/data/babydriver060.jpg,/content/facesSavedHere/babydriver060_2.png
121,/content/gdrive/MyDrive/DatasetAnalysis/data/babydriver061.jpg,/content/facesSavedHere/babydriver061_0.png
122,/content/gdrive/MyDrive/DatasetAnalysis/data/babydriver063.jpg,/content/facesSavedHere/babydriver063_0.png
